{
    "characteristic":
        [
            {
                "name": "strength",
                "id": "1",
                "value": "12"
            },
            {
                "name": "strength",
                "id": "2",
                "value": "99"
            },
            {
                "name": "strength",
                "id": "3",
                "value": "66"
            },
            {
                "name": "strength",
                "id": "4",
                "value": "102"
            },
            {
                "name": "strength",
                "id": "5",
                "value": "3"
            },
            {
                "name": "strength",
                "id": "6",
                "value": "1"
            }
        ]
}